1,Beck,Beck@illinois.edu,Marquis,Beck,Undergrad
2,Brady,Brady@illinois.edu,Chace,Brady,Undergrad
3,Avery,Avery@illinois.edu,Tobias,Avery,Undergrad
4,Fitzpatrick,Fitzpatrick@illinois.edu,Kane,Fitzpatrick,Undergrad
5,Gibbs,Gibbs@illinois.edu,Bronson,Gibbs,Undergrad
6,White,White@illinois.edu,Calvin,White,Undergrad
7,Becker,Becker@illinois.edu,Luke,Becker,Undergrad
8,Watson,Watson@illinois.edu,Jaden,Watson,Undergrad
9,Villarreal,Villarreal@illinois.edu,Alfred,Villarreal,Undergrad
10,Beard,Beard@illinois.edu,Kylan,Beard,Undergrad
11,Mckinney,Mckinney@illinois.edu,Greyson,Mckinney,Undergrad
12,Russell,Russell@illinois.edu,Leland,Russell,Undergrad
13,Dawson,Dawson@illinois.edu,Justin,Dawson,Undergrad
14,Hayes,Hayes@illinois.edu,Avery,Hayes,Undergrad
15,Herring,Herring@illinois.edu,Kristopher,Herring,Undergrad
16,Riggs,Riggs@illinois.edu,Jacob,Riggs,Undergrad
17,Ali,Ali@illinois.edu,Deshawn,Ali,Undergrad
18,Sullivan,Sullivan@illinois.edu,Abel,Sullivan,Undergrad
19,Strong,Strong@illinois.edu,Johnny,Strong,Undergrad
20,Merritt,Merritt@illinois.edu,Zander,Merritt,Undergrad
21,Ferrell,Ferrell@illinois.edu,Jayvion,Ferrell,Undergrad
22,Glass,Glass@illinois.edu,Maverick,Glass,Undergrad
23,Holder,Holder@illinois.edu,Lewis,Holder,Undergrad
24,Peters,Peters@illinois.edu,Tyrone,Peters,Undergrad
25,Dudley,Dudley@illinois.edu,Lawson,Dudley,Undergrad
26,Mclean,Mclean@illinois.edu,Steven,Mclean,Undergrad
27,Gonzalez,Gonzalez@illinois.edu,Jaquan,Gonzalez,Undergrad
28,Alexander,Alexander@illinois.edu,Louis,Alexander,Undergrad
29,Townsend,Townsend@illinois.edu,Dereon,Townsend,Undergrad
30,Moody,Moody@illinois.edu,Rory,Moody,Undergrad
31,Levy,Levy@illinois.edu,Kadin,Levy,Undergrad
32,Medina,Medina@illinois.edu,Zachariah,Medina,Undergrad
33,Bonilla,Bonilla@illinois.edu,Ayaan,Bonilla,Undergrad
34,Potts,Potts@illinois.edu,Clinton,Potts,Undergrad
35,Ramirez,Ramirez@illinois.edu,Atticus,Ramirez,Undergrad
36,Hancock,Hancock@illinois.edu,Dante,Hancock,Undergrad
37,Reed,Reed@illinois.edu,Darrell,Reed,Undergrad
38,Woods,Woods@illinois.edu,Jamal,Woods,Undergrad
39,Ellison,Ellison@illinois.edu,Rodrigo,Ellison,Undergrad
40,Mccoy,Mccoy@illinois.edu,Julius,Mccoy,Undergrad
41,Patrick,Patrick@illinois.edu,Ramiro,Patrick,Undergrad
42,Johns,Johns@illinois.edu,Maxwell,Johns,Undergrad
43,Stewart,Stewart@illinois.edu,Nathan,Stewart,Undergrad
44,Brown,Brown@illinois.edu,Isiah,Brown,Undergrad
45,Luna,Luna@illinois.edu,Aiden,Luna,Undergrad
46,Short,Short@illinois.edu,Cyrus,Short,Undergrad
47,Walter,Walter@illinois.edu,Kason,Walter,Undergrad
48,Roy,Roy@illinois.edu,Isaac,Roy,Undergrad
49,Sharp,Sharp@illinois.edu,Ari,Sharp,Undergrad
50,Campbell,Campbell@illinois.edu,Tony,Campbell,Undergrad
51,Cameron,Cameron@illinois.edu,Dax,Cameron,Undergrad
52,Cochran,Cochran@illinois.edu,Jude,Cochran,Undergrad
53,Preston,Preston@illinois.edu,Silas,Preston,Undergrad
54,Rosales,Rosales@illinois.edu,Tyson,Rosales,Undergrad
55,Glenn,Glenn@illinois.edu,Seth,Glenn,Undergrad
56,Lynch,Lynch@illinois.edu,Rodney,Lynch,Undergrad
57,Cox,Cox@illinois.edu,Sonny,Cox,Undergrad
58,Stanton,Stanton@illinois.edu,Trace,Stanton,Undergrad
59,Cobb,Cobb@illinois.edu,Jordan,Cobb,Undergrad
60,Bean,Bean@illinois.edu,Harry,Bean,Undergrad
61,Fry,Fry@illinois.edu,Tyree,Fry,Undergrad
62,Larsen,Larsen@illinois.edu,Drake,Larsen,Undergrad
63,Santiago,Santiago@illinois.edu,Steve,Santiago,Undergrad
64,Small,Small@illinois.edu,Hugh,Small,Undergrad
65,Russo,Russo@illinois.edu,Alijah,Russo,Undergrad
66,Diaz,Diaz@illinois.edu,Brodie,Diaz,Undergrad
67,Norman,Norman@illinois.edu,Nico,Norman,Undergrad
68,Webb,Webb@illinois.edu,Damari,Webb,Undergrad
69,Jennings,Jennings@illinois.edu,Dillan,Jennings,Undergrad
70,Rasmussen,Rasmussen@illinois.edu,Santiago,Rasmussen,Undergrad
71,Fischer,Fischer@illinois.edu,Brooks,Fischer,Undergrad
72,Ryan,Ryan@illinois.edu,Nathaniel,Ryan,Undergrad
73,Conley,Conley@illinois.edu,Brody,Conley,Undergrad
74,Allison,Allison@illinois.edu,Conner,Allison,Undergrad
75,Hale,Hale@illinois.edu,Terrell,Hale,Undergrad
76,Serrano,Serrano@illinois.edu,Mike,Serrano,Undergrad
77,Ballard,Ballard@illinois.edu,Korbin,Ballard,Undergrad
78,Clayton,Clayton@illinois.edu,Peter,Clayton,Undergrad
79,Coffey,Coffey@illinois.edu,Jaxon,Coffey,Undergrad
80,Fitzgerald,Fitzgerald@illinois.edu,Carter,Fitzgerald,Undergrad
81,Norris,Norris@illinois.edu,Layton,Norris,Undergrad
82,Mosley,Mosley@illinois.edu,Brenden,Mosley,Undergrad
83,Choi,Choi@illinois.edu,Dean,Choi,Undergrad
84,Carroll,Carroll@illinois.edu,Rayan,Carroll,Undergrad
85,Gentry,Gentry@illinois.edu,Francisco,Gentry,Undergrad
86,Hull,Hull@illinois.edu,Yandel,Hull,Undergrad
87,Andersen,Andersen@illinois.edu,Jacoby,Andersen,Undergrad
88,Shea,Shea@illinois.edu,Aydin,Shea,Undergrad
89,Bennett,Bennett@illinois.edu,Mohammad,Bennett,Undergrad
90,Velasquez,Velasquez@illinois.edu,Vicente,Velasquez,Undergrad
91,Clements,Clements@illinois.edu,Martin,Clements,Undergrad
92,Hooper,Hooper@illinois.edu,Callum,Hooper,Undergrad
93,Schultz,Schultz@illinois.edu,Landyn,Schultz,Undergrad
94,Stein,Stein@illinois.edu,Ruben,Stein,Undergrad
95,Lester,Lester@illinois.edu,Skyler,Lester,Undergrad
96,Wolfe,Wolfe@illinois.edu,Tomas,Wolfe,Undergrad
97,Harmon,Harmon@illinois.edu,Jaxson,Harmon,Undergrad
98,Lara,Lara@illinois.edu,Nickolas,Lara,Undergrad
99,Moon,Moon@illinois.edu,Jessie,Moon,Undergrad
100,Powers,Powers@illinois.edu,Paul,Powers,Undergrad
101,Barrett,Barrett@illinois.edu,Elvis,Barrett,Undergrad
102,Grimes,Grimes@illinois.edu,Uriel,Grimes,Undergrad
103,Rogers,Rogers@illinois.edu,Jean,Rogers,Undergrad
104,Kaiser,Kaiser@illinois.edu,Chaz,Kaiser,Undergrad
105,Stephenson,Stephenson@illinois.edu,Sterling,Stephenson,Undergrad
106,Mccarty,Mccarty@illinois.edu,Roland,Mccarty,Undergrad
107,Raymond,Raymond@illinois.edu,Tyrese,Raymond,Undergrad
108,Bentley,Bentley@illinois.edu,Beau,Bentley,Undergrad
109,Crawford,Crawford@illinois.edu,Maddox,Crawford,Undergrad
110,Richmond,Richmond@illinois.edu,Koen,Richmond,Undergrad
111,Gaines,Gaines@illinois.edu,Henry,Gaines,Undergrad
112,Hess,Hess@illinois.edu,Aden,Hess,Undergrad
113,Murray,Murray@illinois.edu,Asher,Murray,Undergrad
114,Foster,Foster@illinois.edu,Colin,Foster,Undergrad
115,Andrews,Andrews@illinois.edu,Richard,Andrews,Undergrad
116,Davila,Davila@illinois.edu,Ernest,Davila,Undergrad
117,Conner,Conner@illinois.edu,Romeo,Conner,Undergrad
118,Le,Le@illinois.edu,Jace,Le,Undergrad
119,Warren,Warren@illinois.edu,Mohamed,Warren,Undergrad
120,Fuller,Fuller@illinois.edu,Cody,Fuller,Undergrad
121,Bush,Bush@illinois.edu,Simeon,Bush,Undergrad
122,Blevins,Blevins@illinois.edu,Blake,Blevins,Undergrad
123,Sutton,Sutton@illinois.edu,Jovanny,Sutton,Undergrad
124,Nelson,Nelson@illinois.edu,Vance,Nelson,Undergrad
125,Everett,Everett@illinois.edu,Johan,Everett,Undergrad
126,Walters,Walters@illinois.edu,Keegan,Walters,Undergrad
127,Skinner,Skinner@illinois.edu,Demetrius,Skinner,Undergrad
128,Jacobs,Jacobs@illinois.edu,Troy,Jacobs,Undergrad
129,Malone,Malone@illinois.edu,Mitchell,Malone,Undergrad
130,Pitts,Pitts@illinois.edu,Wade,Pitts,Undergrad
131,Long,Long@illinois.edu,Immanuel,Long,Undergrad
132,Finley,Finley@illinois.edu,Braxton,Finley,Undergrad
133,Krause,Krause@illinois.edu,Dangelo,Krause,Undergrad
134,Shepard,Shepard@illinois.edu,London,Shepard,Undergrad
135,Bowman,Bowman@illinois.edu,Peyton,Bowman,Undergrad
136,Neal,Neal@illinois.edu,Darryl,Neal,Undergrad
137,Grant,Grant@illinois.edu,Terry,Grant,Undergrad
138,George,George@illinois.edu,Tripp,George,Undergrad
139,Harrell,Harrell@illinois.edu,Shane,Harrell,Undergrad
140,Weiss,Weiss@illinois.edu,Bruce,Weiss,Undergrad
141,Bird,Bird@illinois.edu,Lee,Bird,Undergrad
142,Gardner,Gardner@illinois.edu,Graham,Gardner,Undergrad
143,Hendricks,Hendricks@illinois.edu,Ayden,Hendricks,Undergrad
144,Montoya,Montoya@illinois.edu,Asa,Montoya,Undergrad
145,Yang,Yang@illinois.edu,Jadon,Yang,Undergrad
146,Sexton,Sexton@illinois.edu,Marshall,Sexton,Undergrad
147,Shaw,Shaw@illinois.edu,Tommy,Shaw,Undergrad
148,Bass,Bass@illinois.edu,Zackary,Bass,Undergrad
149,Delacruz,Delacruz@illinois.edu,Ezra,Delacruz,Undergrad
150,Tran,Tran@illinois.edu,Devin,Tran,Undergrad
151,Melendez,Melendez@illinois.edu,Ryann,Melendez,Undergrad
152,Rivers,Rivers@illinois.edu,Leilani,Rivers,Undergrad
153,Brooks,Brooks@illinois.edu,Ruth,Brooks,Undergrad
154,Ochoa,Ochoa@illinois.edu,Jaylen,Ochoa,Undergrad
155,Shepherd,Shepherd@illinois.edu,Piper,Shepherd,Undergrad
156,Gregory,Gregory@illinois.edu,Violet,Gregory,Undergrad
157,Jones,Jones@illinois.edu,Macie,Jones,Undergrad
158,Hurst,Hurst@illinois.edu,Haley,Hurst,Undergrad
159,Boyd,Boyd@illinois.edu,Jazlynn,Boyd,Undergrad
160,Solis,Solis@illinois.edu,Carlee,Solis,Undergrad
161,Matthews,Matthews@illinois.edu,Andrea,Matthews,Undergrad
162,Cordova,Cordova@illinois.edu,Saniyah,Cordova,Undergrad
163,James,James@illinois.edu,Sophie,James,Undergrad
164,Mckee,Mckee@illinois.edu,Caitlin,Mckee,Undergrad
165,Reilly,Reilly@illinois.edu,Daisy,Reilly,Undergrad
166,Reese,Reese@illinois.edu,Kara,Reese,Undergrad
167,Abbott,Abbott@illinois.edu,Salma,Abbott,Undergrad
168,Huff,Huff@illinois.edu,Addison,Huff,Undergrad
169,Manning,Manning@illinois.edu,Taliyah,Manning,Undergrad
170,Patton,Patton@illinois.edu,Laci,Patton,Undergrad
171,Nicholson,Nicholson@illinois.edu,Jacquelyn,Nicholson,Undergrad
172,Kelley,Kelley@illinois.edu,Brittany,Kelley,Undergrad
173,Figueroa,Figueroa@illinois.edu,Alicia,Figueroa,Undergrad
174,Thompson,Thompson@illinois.edu,Scarlett,Thompson,Undergrad
175,Guerrero,Guerrero@illinois.edu,Julia,Guerrero,Undergrad
176,Thornton,Thornton@illinois.edu,Mylie,Thornton,Undergrad
177,Frazier,Frazier@illinois.edu,Abril,Frazier,Undergrad
178,Dougherty,Dougherty@illinois.edu,Cassidy,Dougherty,Undergrad
179,Monroe,Monroe@illinois.edu,Alivia,Monroe,Undergrad
180,Welch,Welch@illinois.edu,Maya,Welch,Undergrad
181,Montgomery,Montgomery@illinois.edu,Marisol,Montgomery,Undergrad
182,Brandt,Brandt@illinois.edu,Kiley,Brandt,Undergrad
183,Vaughn,Vaughn@illinois.edu,Mollie,Vaughn,Undergrad
184,Cowan,Cowan@illinois.edu,Bria,Cowan,Undergrad
185,Potter,Potter@illinois.edu,Allyson,Potter,Undergrad
186,Callahan,Callahan@illinois.edu,Yasmine,Callahan,Undergrad
187,Irwin,Irwin@illinois.edu,Lauren,Irwin,Undergrad
188,Dodson,Dodson@illinois.edu,Mercedes,Dodson,Undergrad
189,Carson,Carson@illinois.edu,Litzy,Carson,Undergrad
190,Mason,Mason@illinois.edu,Anabella,Mason,Undergrad
191,Murillo,Murillo@illinois.edu,Kaelyn,Murillo,Undergrad
192,Burch,Burch@illinois.edu,Mary,Burch,Undergrad
193,Donaldson,Donaldson@illinois.edu,Lizbeth,Donaldson,Undergrad
194,Henderson,Henderson@illinois.edu,Brooke,Henderson,Undergrad
195,Wall,Wall@illinois.edu,Jayla,Wall,Undergrad
196,Tyler,Tyler@illinois.edu,Ada,Tyler,Undergrad
197,Kemp,Kemp@illinois.edu,Dayami,Kemp,Undergrad
198,Dennis,Dennis@illinois.edu,Carly,Dennis,Undergrad
199,Krueger,Krueger@illinois.edu,Jasmin,Krueger,Undergrad
200,Baldwin,Baldwin@illinois.edu,Skylar,Baldwin,Undergrad
201,Arroyo,Arroyo@illinois.edu,Kiara,Arroyo,Undergrad
202,Jensen,Jensen@illinois.edu,Bailee,Jensen,Undergrad
203,Austin,Austin@illinois.edu,Olive,Austin,Undergrad
204,Lin,Lin@illinois.edu,Annabelle,Lin,Undergrad
205,Holland,Holland@illinois.edu,Annika,Holland,Undergrad
206,Roach,Roach@illinois.edu,Ayana,Roach,Undergrad
207,Terry,Terry@illinois.edu,Virginia,Terry,Undergrad
208,Rosario,Rosario@illinois.edu,Madilynn,Rosario,Undergrad
209,Khan,Khan@illinois.edu,Reyna,Khan,Undergrad
210,Hawkins,Hawkins@illinois.edu,Claudia,Hawkins,Undergrad
211,Boyle,Boyle@illinois.edu,Layla,Boyle,Undergrad
212,Oneal,Oneal@illinois.edu,Kaley,Oneal,Undergrad
213,Morris,Morris@illinois.edu,Joslyn,Morris,Undergrad
214,Summers,Summers@illinois.edu,Kamora,Summers,Undergrad
215,Dominguez,Dominguez@illinois.edu,Luciana,Dominguez,Undergrad
216,Ross,Ross@illinois.edu,Brooklynn,Ross,Undergrad
217,Howe,Howe@illinois.edu,Roselyn,Howe,Undergrad
218,Mann,Mann@illinois.edu,Ariana,Mann,Undergrad
219,Powell,Powell@illinois.edu,Avery,Powell,Undergrad
220,Vaughan,Vaughan@illinois.edu,Bridget,Vaughan,Undergrad
221,Best,Best@illinois.edu,Jayda,Best,Undergrad
222,Cooley,Cooley@illinois.edu,Isabelle,Cooley,Undergrad
223,Rice,Rice@illinois.edu,Jasmine,Rice,Undergrad
224,Goodman,Goodman@illinois.edu,Nia,Goodman,Undergrad
225,Velez,Velez@illinois.edu,Genesis,Velez,Undergrad
226,Gates,Gates@illinois.edu,Amber,Gates,Undergrad
227,Madden,Madden@illinois.edu,Maritza,Madden,Undergrad
228,Haynes,Haynes@illinois.edu,Jazlene,Haynes,Undergrad
229,Sanders,Sanders@illinois.edu,Kiera,Sanders,Undergrad
230,Dixon,Dixon@illinois.edu,Kaylah,Dixon,Undergrad
231,Briggs,Briggs@illinois.edu,Itzel,Briggs,Undergrad
232,Wilkerson,Wilkerson@illinois.edu,Charity,Wilkerson,Undergrad
233,Brock,Brock@illinois.edu,Monserrat,Brock,Undergrad
234,Key,Key@illinois.edu,Dayana,Key,Undergrad
235,Barron,Barron@illinois.edu,Gabrielle,Barron,Undergrad
236,Whitaker,Whitaker@illinois.edu,Lena,Whitaker,Undergrad
237,Harrison,Harrison@illinois.edu,Helen,Harrison,Undergrad
238,Carpenter,Carpenter@illinois.edu,Damaris,Carpenter,Undergrad
239,Espinoza,Espinoza@illinois.edu,Lacey,Espinoza,Undergrad
240,Fernandez,Fernandez@illinois.edu,Daniella,Fernandez,Undergrad
241,Vargas,Vargas@illinois.edu,Giovanna,Vargas,Undergrad
242,Perez,Perez@illinois.edu,Ann,Perez,Undergrad
243,Lawson,Lawson@illinois.edu,Marissa,Lawson,Undergrad
244,David,David@illinois.edu,Camryn,David,Undergrad
245,Williamson,Williamson@illinois.edu,Jimena,Williamson,Undergrad
246,Blankenship,Blankenship@illinois.edu,Areli,Blankenship,Undergrad
247,Burnett,Burnett@illinois.edu,Mckayla,Burnett,Undergrad
248,Gill,Gill@illinois.edu,Mattie,Gill,Undergrad
249,Marsh,Marsh@illinois.edu,Paityn,Marsh,Undergrad
250,Wolf,Wolf@illinois.edu,Alana,Wolf,Undergrad
251,Massey,Massey@illinois.edu,Kaylen,Massey,Undergrad
252,Horne,Horne@illinois.edu,Jillian,Horne,Undergrad
253,Kelly,Kelly@illinois.edu,Patience,Kelly,Undergrad
254,Oconnell,Oconnell@illinois.edu,Taniyah,Oconnell,Undergrad
255,Lane,Lane@illinois.edu,Annabel,Lane,Undergrad
256,Villa,Villa@illinois.edu,Kamari,Villa,Undergrad
257,Schneider,Schneider@illinois.edu,Rubi,Schneider,Undergrad
258,Watts,Watts@illinois.edu,Kaleigh,Watts,Undergrad
259,Duffy,Duffy@illinois.edu,Evelyn,Duffy,Undergrad
260,Joyce,Joyce@illinois.edu,Milagros,Joyce,Undergrad
261,Gilmore,Gilmore@illinois.edu,Janiyah,Gilmore,Undergrad
262,Ruiz,Ruiz@illinois.edu,Yadira,Ruiz,Undergrad
263,Ibarra,Ibarra@illinois.edu,Jaslyn,Ibarra,Undergrad
264,Wagner,Wagner@illinois.edu,Taylor,Wagner,Undergrad
265,Calderon,Calderon@illinois.edu,Hallie,Calderon,Undergrad
266,Galvan,Galvan@illinois.edu,Daphne,Galvan,Undergrad
267,Barton,Barton@illinois.edu,Sanai,Barton,Undergrad
268,Hahn,Hahn@illinois.edu,Jane,Hahn,Undergrad
269,Kramer,Kramer@illinois.edu,Annabella,Kramer,Undergrad
270,Peterson,Peterson@illinois.edu,Tessa,Peterson,Undergrad
271,Sellers,Sellers@illinois.edu,Margaret,Sellers,Undergrad
272,Carey,Carey@illinois.edu,Mya,Carey,Undergrad
273,Ponce,Ponce@illinois.edu,Shyla,Ponce,Undergrad
274,Waters,Waters@illinois.edu,Kelly,Waters,Undergrad
275,Gamble,Gamble@illinois.edu,Lia,Gamble,Undergrad
276,Higgins,Higgins@illinois.edu,Kaila,Higgins,Undergrad
277,Spears,Spears@illinois.edu,Alexa,Spears,Undergrad
278,Zimmerman,Zimmerman@illinois.edu,Christine,Zimmerman,Undergrad
279,Hoffman,Hoffman@illinois.edu,Nancy,Hoffman,Undergrad
280,Bridges,Bridges@illinois.edu,Leila,Bridges,Undergrad
281,Trujillo,Trujillo@illinois.edu,Lana,Trujillo,Undergrad
282,Holden,Holden@illinois.edu,Cierra,Holden,Undergrad
283,Friedman,Friedman@illinois.edu,Miracle,Friedman,Undergrad
284,Sanford,Sanford@illinois.edu,Charlee,Sanford,Undergrad
285,Murphy,Murphy@illinois.edu,Valeria,Murphy,Undergrad
286,Orozco,Orozco@illinois.edu,Reina,Orozco,Undergrad
287,Kidd,Kidd@illinois.edu,Lilyana,Kidd,Undergrad
288,Green,Green@illinois.edu,Annalise,Green,Undergrad
289,Stanley,Stanley@illinois.edu,Madilyn,Stanley,Undergrad
290,Conrad,Conrad@illinois.edu,Hayden,Conrad,Undergrad
291,Mccann,Mccann@illinois.edu,Kaylie,Mccann,Undergrad
292,Knight,Knight@illinois.edu,Laylah,Knight,Undergrad
293,Wong,Wong@illinois.edu,Tia,Wong,Undergrad
294,Cisneros,Cisneros@illinois.edu,Natalie,Cisneros,Undergrad
295,Miller,Miller@illinois.edu,Courtney,Miller,Undergrad
296,Mcintosh,Mcintosh@illinois.edu,Isabela,Mcintosh,Undergrad
297,Archer,Archer@illinois.edu,Kaya,Archer,Undergrad
298,Rios,Rios@illinois.edu,Jakayla,Rios,Undergrad
299,Walls,Walls@illinois.edu,Livia,Walls,Undergrad
300,Hodges,Hodges@illinois.edu,Evie,Hodges,Undergrad
